{"cameraMode":{"drawMode":0,"name":"Shaded","section":"Shading Mode"},"sceneLighting":true,"audioPlay":false,"sceneViewState":{"m_AlwaysRefresh":false,"showFog":true,"showSkybox":true,"showFlares":true,"showImageEffects":true,"showParticleSystems":true,"showVisualEffectGraphs":true,"m_FxEnabled":true},"in2DMode":false,"pivot":{"x":-0.030829118564724923,"y":-0.00040119452751241624,"z":0.20594941079616548},"rotation":{"x":-0.21168281137943269,"y":0.01084529235959053,"z":-0.0023491252213716509,"w":-0.977276086807251},"size":0.39903104305267336,"orthographic":false}